,date,event,tour,surname,first_name,fin_pos,r1_score,r2_score,r3_score,r4_score,r5_score,score_tot,field_av,adj_r1_score,adj_r2_score,adj_r3_score,adj_r4_score,adj_r5_score,adj_av
0,18-Nov-2018,RSM Classic,PGA,Harrington,Padraig,mc,73,66,,,,139,70.3,73.2,67.5,,,,70.3
1,11-Nov-2018,Nedbank Golf Challenge,European,Harrington,Padraig,35,73,73,74,69,,289,70.3,70.0,71.3,71.6,67.8,,70.2
2,04-Nov-2018,Turkish Airlines Open,European,Harrington,Padraig,35,65,70,71,72,,278,70.7,65.4,71.3,72.2,72.8,,70.4
3,21-Oct-2018,Andalucia Masters,European,Harrington,Padraig,66,72,74,73,,,219,71.6,70.9,72.7,72.9,,,72.2
4,14-Oct-2018,British Masters,European,Harrington,Padraig,22,73,74,71,70,,288,70.6,70.8,70.3,68.9,67.4,,69.4
5,07-Oct-2018,Alfred Dunhill Links Championship,European,Harrington,Padraig,7,69,72,69,69,,279,71.1,65.6,72.4,69.5,67.1,,68.7
6,23-Sep-2018,Portugal Masters,European,Harrington,Padraig,mc,73,69,,,,142,71.2,74.1,70.4,,,,72.2
7,16-Sep-2018,KLM Open,European,Harrington,Padraig,5,68,70,65,68,,271,71.2,68.5,69.3,65.0,68.9,,67.9
8,26-Aug-2018,Czech Masters,European,Harrington,Padraig,2,66,68,65,69,,268,71.8,67.6,68.4,65.1,69.2,,67.6
9,19-Aug-2018,Wyndham Championship,PGA,Harrington,Padraig,mc,69,73,,,,142,70.4,70.6,73.7,,,,72.2
10,12-Aug-2018,PGA Championship,PGA,Harrington,Padraig,mc,71,70,,,,141,69.5,69.2,69.9,,,,69.6
11,05-Aug-2018,Barracuda Championship,PGA,Harrington,Padraig,50,71,73,69,71,,284,71.2,70.5,72.3,68.1,70.9,,70.4
12,22-Jul-2018,British Open,European,Harrington,Padraig,mc,76,74,,,,150,69.6,72.4,70.8,,,,71.6
13,15-Jul-2018,Scottish Open,European,Harrington,Padraig,mc,73,71,,,,144,70.7,74.9,73.2,,,,74.0
14,08-Jul-2018,Irish Open,European,Harrington,Padraig,mc,68,78,,,,146,70.9,65.7,76.3,,,,71.0
15,24-Jun-2018,Travelers Championship,PGA,Harrington,Padraig,74,66,69,75,74,,284,70.0,66.2,69.0,75.6,74.8,,71.4
16,10-Jun-2018,St Jude Classic,PGA,Harrington,Padraig,56,68,72,71,71,,282,70.5,67.7,72.0,71.5,70.0,,70.3
17,03-Jun-2018,Italian Open,European,Harrington,Padraig,36,71,66,69,68,,274,71.1,72.9,66.9,70.3,70.0,,70.0
18,27-May-2018,BMW PGA Championship,European,Harrington,Padraig,mc,78,70,,,,148,70.8,76.2,69.1,,,,72.7
19,20-May-2018,Byron Nelson Championship,PGA,Harrington,Padraig,mc,69,70,,,,139,70.9,70.3,71.7,,,,71.0
20,29-Apr-2018,Zurich Classic of New Orleans,PGA,Harrington,Padraig,28,63,75,68,71,,277,70.1,67.2,71.2,72.6,68.6,,69.9
21,01-Apr-2018,Houston Open,PGA,Harrington,Padraig,mc,67,73,79,,,219,70.2,67.4,72.2,77.5,,,72.3
22,18-Mar-2018,Arnold Palmer Invitational,PGA,Harrington,Padraig,mc,71,75,,,,146,69.8,68.6,72.8,,,,70.7
23,11-Mar-2018,Valspar Championship,PGA,Harrington,Padraig,mc,76,73,,,,149,70.0,73.1,70.7,,,,71.9
24,25-Feb-2018,Honda Classic,PGA,Harrington,Padraig,mc,76,76,,,,152,70.0,73.4,72.8,,,,73.1
25,18-Feb-2018,Genesis Open,PGA,Harrington,Padraig,64,71,73,71,74,,289,70.0,68.8,70.8,70.0,72.2,,70.4
26,11-Feb-2018,AT&T; Pebble Beach National Pro-Am,PGA,Harrington,Padraig,mc,75,76,71,,,222,70.7,75.0,75.5,69.7,,,73.4
27,28-Jan-2018,Farmers Insurance Open,PGA,Harrington,Padraig,mc,72,72,,,,144,70.3,70.8,70.2,,,,70.5
28,19-Nov-2017,RSM Classic,PGA,Harrington,Padraig,54,71,67,74,66,,278,70.5,71.8,67.2,75.8,66.8,,70.4
29,12-Nov-2017,Nedbank Golf Challenge,European,Harrington,Padraig,42,74,72,71,75,,292,70.6,72.1,68.4,69.4,73.9,,70.9
30,05-Nov-2017,Turkish Airlines Open,European,Harrington,Padraig,4,65,72,64,67,,268,71.7,66.2,73.4,66.1,68.4,,68.5
31,22-Oct-2017,Andalucia Masters,European,Harrington,Padraig,27,72,73,69,72,,286,71.7,70.4,71.2,68.2,71.3,,70.3
32,15-Oct-2017,Italian Open,European,Harrington,Padraig,mc,73,69,,,,142,71.0,74.7,70.8,,,,72.7
33,08-Oct-2017,Alfred Dunhill Links Championship,European,Harrington,Padraig,mc,72,68,74,,,214,71.5,71.0,69.1,73.6,,,71.2
34,24-Sep-2017,Portugal Masters,European,Harrington,Padraig,25,67,67,71,69,,274,72.0,68.9,69.0,72.3,70.9,,70.3
35,17-Sep-2017,KLM Open,European,Harrington,Padraig,55,72,70,70,69,,281,71.8,71.5,70.9,71.8,71.1,,71.3
36,20-Aug-2017,Wyndham Championship,PGA,Harrington,Padraig,mc,66,68,76,,,210,70.6,68.1,69.7,77.1,,,71.6
37,13-Aug-2017,PGA Championship,PGA,Harrington,Padraig,mc,79,72,,,,151,69.8,74.0,68.2,,,,71.1
38,06-Aug-2017,Barracuda Championship,PGA,Harrington,Padraig,mc,72,72,,,,144,71.4,72.3,72.1,,,,72.2
39,23-Jul-2017,British Open,European,Harrington,Padraig,mc,73,73,,,,146,70.1,71.2,69.1,,,,70.1
40,16-Jul-2017,Scottish Open,European,Harrington,Padraig,4,67,68,79,66,,280,71.0,65.4,66.8,75.9,66.0,,68.5
41,09-Jul-2017,Irish Open,European,Harrington,Padraig,42,68,69,71,71,,279,71.2,68.8,69.1,71.7,72.5,,70.5
42,25-Jun-2017,Travelers Championship,PGA,Harrington,Padraig,17,66,69,71,68,,274,70.2,66.2,68.4,70.5,68.8,,68.5
43,04-Jun-2017,Memorial Tournament,PGA,Harrington,Padraig,31,71,71,72,73,,287,69.6,67.3,68.3,69.8,68.4,,68.4
44,28-May-2017,BMW PGA Championship,European,Harrington,Padraig,mc,73,74,,,,147,70.8,70.7,70.7,,,,70.7
45,26-Feb-2017,Honda Classic,PGA,Harrington,Padraig,mc,72,73,,,,145,69.9,71.6,72.3,,,,71.9
46,19-Feb-2017,Genesis Open,PGA,Harrington,Padraig,39,67,72,70,72,,281,69.9,65.9,70.3,69.0,71.1,,69.1
47,12-Feb-2017,AT&T; Pebble Beach National Pro-Am,PGA,Harrington,Padraig,mc,74,72,72,,,218,70.5,71.2,71.6,70.9,,,71.2
48,05-Feb-2017,Phoenix Open,PGA,Harrington,Padraig,mc,72,71,,,,143,70.0,71.0,70.8,,,,70.9
49,29-Jan-2017,Farmers Insurance Open,PGA,Harrington,Padraig,mc,74,74,,,,148,69.9,71.7,71.0,,,,71.3
50,20-Nov-2016,DP World Tour Championship,European,Harrington,Padraig,46,72,71,71,71,,285,70.1,70.7,70.3,71.2,71.7,,71.0
51,13-Nov-2016,Nedbank Golf Challenge,European,Harrington,Padraig,56,76,75,75,72,,298,70.5,73.2,73.0,71.2,70.4,,71.9
52,06-Nov-2016,Turkish Airlines Open,European,Harrington,Padraig,31,72,69,69,69,,279,71.3,73.1,70.1,70.5,70.6,,71.1
53,23-Oct-2016,Portugal Masters,European,Harrington,Padraig,1,66,63,67,65,,261,71.8,68.5,66.2,69.9,68.0,,68.1
54,09-Oct-2016,Alfred Dunhill Links Championship,European,Harrington,Padraig,mc,70,73,71,,,214,72.8,70.5,73.4,72.9,,,72.3
55,25-Sep-2016,European Open,European,Harrington,Padraig,mc,71,68,,,,139,71.6,73.2,69.8,,,,71.5
56,18-Sep-2016,Italian Open,European,Harrington,Padraig,mc,69,71,,,,140,71.3,70.3,72.3,,,,71.3
57,14-Aug-2016,Olympic Men's Golf Competition,WGC,Harrington,Padraig,21,70,71,67,73,,281,70.2,69.2,70.3,65.9,73.3,,69.7
58,07-Aug-2016,Travelers Championship,PGA,Harrington,Padraig,64,70,69,65,75,,279,70.1,70.0,68.9,66.0,76.0,,70.2
59,31-Jul-2016,PGA Championship,PGA,Harrington,Padraig,13,71,70,65,68,,274,69.6,68.9,68.9,64.3,67.9,,67.5
60,17-Jul-2016,British Open,European,Harrington,Padraig,36,70,72,73,72,,287,69.7,67.7,67.3,68.7,68.2,,68.0
61,10-Jul-2016,Scottish Open,European,Harrington,Padraig,21,70,69,72,71,,282,70.8,65.6,68.1,72.4,70.0,,69.0
62,03-Jul-2016,Open de France,European,Harrington,Padraig,30,73,70,77,67,,287,70.9,70.5,67.7,74.1,65.3,,69.4
63,26-Jun-2016,ISPS Handa Global Cup,Japan,Harrington,Padraig,9,66,69,68,69,,272,72.1,67.6,70.1,68.7,70.4,,69.2
64,12-Jun-2016,St Jude Classic,PGA,Harrington,Padraig,mc,77,73,,,,150,70.5,76.4,72.4,,,,74.4
65,22-May-2016,Irish Open,European,Harrington,Padraig,mc,76,72,,,,148,71.0,73.1,68.8,,,,70.9
66,15-May-2016,The Players Championship,PGA,Harrington,Padraig,mc,72,74,,,,146,69.2,70.2,72.1,,,,71.2
67,08-May-2016,Wells Fargo Championship,PGA,Harrington,Padraig,mc,74,77,,,,151,69.9,71.3,73.7,,,,72.5
68,24-Apr-2016,Texas Open,PGA,Harrington,Padraig,25,70,71,68,74,,283,70.4,67.8,69.1,66.4,72.2,,68.9
69,03-Apr-2016,Houston Open,PGA,Harrington,Padraig,mc,73,78,,,,151,69.9,72.2,74.9,,,,73.6
70,20-Mar-2016,Indian Open,Asian PGA,Harrington,Padraig,mc,71,74,,,,145,71.8,70.1,73.7,,,,71.9
71,13-Mar-2016,Valspar Championship,PGA,Harrington,Padraig,33,74,71,71,70,,286,69.9,70.7,68.2,68.8,67.4,,68.8
72,28-Feb-2016,Honda Classic,PGA,Harrington,Padraig,43,73,68,72,71,,284,69.9,70.5,66.2,70.4,69.3,,69.1
73,21-Feb-2016,Northern Trust Open,PGA,Harrington,Padraig,45,71,70,66,75,,282,69.8,69.4,68.9,65.8,73.0,,69.3
74,14-Feb-2016,AT&T; Pebble Beach National Pro-Am,PGA,Harrington,Padraig,21,68,71,67,74,,280,70.6,67.5,69.4,65.0,71.9,,68.4
75,07-Feb-2016,Phoenix Open,PGA,Harrington,Padraig,mc,74,72,,,,146,69.8,72.9,70.3,,,,71.6
76,17-Jan-2016,Sony Open in Hawaii,PGA,Harrington,Padraig,56,66,68,69,70,,273,70.2,67.3,69.7,70.5,71.8,,69.8
77,10-Jan-2016,Tournament of Champions,PGA,Harrington,Padraig,6,70,68,70,67,,275,69.7,69.1,67.9,70.1,67.3,,68.6
78,01-Nov-2015,CIMB Classic,Asian PGA,Harrington,Padraig,56,68,72,73,70,,283,70.2,68.3,72.9,73.4,70.6,,71.3
79,25-Oct-2015,Hong Kong Open,Asian PGA,Harrington,Padraig,mc,70,72,,,,142,71.9,71.3,73.6,,,,72.5
80,18-Oct-2015,Portugal Masters,European,Harrington,Padraig,31,70,70,70,69,,279,71.4,70.9,71.2,68.8,70.8,,70.4
81,11-Oct-2015,British Masters,European,Harrington,Padraig,38,66,72,73,70,,281,71.6,66.8,72.3,73.8,70.7,,70.9
82,04-Oct-2015,Alfred Dunhill Links Championship,European,Harrington,Padraig,mc,75,69,71,,,215,71.4,74.9,69.0,72.3,,,72.1
83,20-Sep-2015,Italian Open,European,Harrington,Padraig,33,70,70,69,67,,276,71.9,71.3,71.8,71.0,69.0,,70.8
84,13-Sep-2015,KLM Open,European,Harrington,Padraig,55,71,65,67,71,,274,71.7,73.4,67.7,70.1,74.1,,71.3
85,30-Aug-2015,The Barclays,PGA,Harrington,Padraig,mc,73,75,,,,148,69.5,71.7,73.4,,,,72.6
86,16-Aug-2015,PGA Championship,PGA,Harrington,Padraig,mc,76,71,,,,147,70.1,72.0,68.2,,,,70.1
87,09-Aug-2015,Bridgestone Invitational,WGC,Harrington,Padraig,70,72,72,74,76,,294,69.9,70.5,70.9,73.3,75.0,,72.4
88,19-Jul-2015,British Open,European,Harrington,Padraig,20,72,69,65,75,,281,70.3,70.1,66.9,65.0,73.3,,68.8
89,12-Jul-2015,Scottish Open,European,Harrington,Padraig,62,68,68,70,72,,278,71.2,69.6,70.2,71.2,72.6,,70.9
90,28-Jun-2015,Travelers Championship,PGA,Harrington,Padraig,mc,66,75,,,,141,70.7,67.6,75.7,,,,71.7
91,14-Jun-2015,St Jude Classic,PGA,Harrington,Padraig,mc,75,70,,,,145,71.1,75.2,69.7,,,,72.4
92,31-May-2015,Irish Open,European,Harrington,Padraig,43,67,73,78,76,,294,71.4,64.2,70.1,76.7,72.2,,70.8
93,17-May-2015,Wells Fargo Championship,PGA,Harrington,Padraig,mc,70,77,,,,147,70.5,68.3,75.3,,,,71.8
94,10-May-2015,The Players Championship,PGA,Harrington,Padraig,42,71,73,75,67,,286,69.7,68.3,70.6,73.4,64.4,,69.2
95,12-Apr-2015,The Masters,PGA,Harrington,Padraig,mc,72,77,,,,149,69.9,68.5,74.1,,,,71.3
96,05-Apr-2015,Houston Open,PGA,Harrington,Padraig,67,71,68,74,74,,287,70.5,70.5,68.4,72.4,73.0,,71.1
97,22-Mar-2015,Arnold Palmer Invitational,PGA,Harrington,Padraig,49,68,71,71,74,,284,70.2,66.8,70.3,70.5,72.5,,70.0
98,15-Mar-2015,Valspar Championship,PGA,Harrington,Padraig,mc,76,72,,,,148,70.5,75.1,69.6,,,,72.4
99,01-Mar-2015,Honda Classic,PGA,Harrington,Padraig,1,67,66,71,70,,274,70.3,65.0,63.9,70.1,69.7,,67.2
100,22-Feb-2015,Northern Trust Open,PGA,Harrington,Padraig,56,70,73,76,71,,290,70.3,67.4,70.7,74.3,68.5,,70.2
101,15-Feb-2015,AT&T; Pebble Beach National Pro-Am,PGA,Harrington,Padraig,mc,68,71,72,,,211,71.6,69.3,72.5,73.6,,,71.8
102,08-Feb-2015,Farmers Insurance Open,PGA,Harrington,Padraig,mc,69,79,,,,148,71.1,68.2,78.2,,,,73.2
103,01-Feb-2015,Phoenix Open,PGA,Harrington,Padraig,mc,71,78,,,,149,70.3,70.6,76.3,,,,73.5
104,07-Dec-2014,Indonesia Open,Asian PGA,Harrington,Padraig,1,64,66,67,71,,268,74.3,65.3,68.7,68.8,74.1,,69.2
105,16-Nov-2014,OHL Classic,PGA,Harrington,Padraig,mc,74,72,,,,146,70.9,75.0,73.6,,,,74.3
106,09-Nov-2014,Sanderson Farms Championship,PGA,Harrington,Padraig,73,70,69,76,76,,291,71.3,69.9,68.7,75.9,75.6,,72.5
107,26-Oct-2014,McGladrey Classic,PGA,Harrington,Padraig,mc,71,73,,,,144,70.9,72.0,74.2,,,,73.1
108,19-Oct-2014,Shriners Hospitals for Children Open,PGA,Harrington,Padraig,mc,70,69,72,,,211,70.8,70.6,70.0,74.4,,,71.7
109,12-Oct-2014,Portugal Masters,European,Harrington,Padraig,47,72,66,,,,138,72.0,74.2,68.7,,,,71.5
110,05-Oct-2014,Alfred Dunhill Links Championship,European,Harrington,Padraig,18,66,70,71,71,,278,72.9,66.7,70.7,73.9,72.5,,71.0
111,14-Sep-2014,KLM Open,European,Harrington,Padraig,28,70,68,70,67,,275,71.8,70.5,69.5,72.1,68.9,,70.2
112,07-Sep-2014,European Masters,European,Harrington,Padraig,73,66,71,72,72,,281,71.7,67.8,72.7,74.9,74.2,,72.4
113,31-Aug-2014,Italian Open,European,Harrington,Padraig,mc,72,76,,,,148,72.1,71.7,77.4,,,,74.5
114,17-Aug-2014,Wyndham Championship,PGA,Harrington,Padraig,mc,72,72,,,,144,71.2,73.5,74.2,,,,73.9
115,10-Aug-2014,PGA Championship,PGA,Harrington,Padraig,mc,73,71,,,,144,70.3,71.1,69.0,,,,70.1
116,03-Aug-2014,Barracuda Championship,PGA,Harrington,Padraig,47,68,70,72,71,,281,71.7,68.9,69.4,73.2,71.6,,70.8
117,20-Jul-2014,British Open,European,Harrington,Padraig,mc,74,78,,,,152,70.3,70.9,74.5,,,,72.7
118,13-Jul-2014,Scottish Open,European,Harrington,Padraig,27,71,72,71,67,,281,71.2,69.8,70.7,71.1,68.6,,70.1
119,06-Jul-2014,Open de France,European,Harrington,Padraig,mc,74,73,,,,147,71.8,72.6,71.2,,,,71.9
120,22-Jun-2014,Irish Open,European,Harrington,Padraig,14,69,67,71,69,,276,71.9,69.4,67.4,72.0,70.1,,69.7
121,08-Jun-2014,St Jude Classic,PGA,Harrington,Padraig,65,68,67,79,72,,286,70.9,68.3,67.4,78.6,71.7,,71.5
122,25-May-2014,BMW PGA Championship,European,Harrington,Padraig,61,69,76,74,73,,292,71.2,67.6,73.2,73.0,71.7,,71.4
123,18-May-2014,Byron Nelson Championship,PGA,Harrington,Padraig,22,68,68,66,74,,276,71.0,67.9,68.6,66.7,74.1,,69.3
124,04-May-2014,Wells Fargo Championship,PGA,Harrington,Padraig,mc,72,78,,,,150,70.7,69.3,76.3,,,,72.8
125,27-Apr-2014,Zurich Classic of New Orleans,PGA,Harrington,Padraig,67,70,72,71,74,,287,71.0,69.4,72.2,71.8,72.1,,71.4
126,06-Apr-2014,Houston Open,PGA,Harrington,Padraig,mc,69,79,,,,148,70.5,69.0,75.9,,,,72.5
127,30-Mar-2014,Texas Open,PGA,Harrington,Padraig,mc,76,73,,,,149,70.9,73.9,70.2,,,,72.1
128,23-Mar-2014,Arnold Palmer Invitational,PGA,Harrington,Padraig,67,70,70,73,80,,293,70.3,68.4,66.8,71.6,76.9,,70.9
129,16-Mar-2014,Valspar Championship,PGA,Harrington,Padraig,65,75,70,72,74,,291,70.6,72.9,68.0,71.0,71.4,,70.8
130,02-Mar-2014,Honda Classic,PGA,Harrington,Padraig,mc,68,74,,,,142,70.5,68.3,74.3,,,,71.3
131,16-Feb-2014,Northern Trust Open,PGA,Harrington,Padraig,mc,75,70,,,,145,70.5,74.0,68.9,,,,71.5
132,09-Feb-2014,AT&T; Pebble Beach National Pro-Am,PGA,Harrington,Padraig,27,72,69,72,72,,285,71.2,72.6,67.3,69.1,70.1,,69.8
133,02-Feb-2014,Phoenix Open,PGA,Harrington,Padraig,mc,73,69,,,,142,70.5,73.2,68.8,,,,71.0
134,19-Jan-2014,Abu Dhabi Championship,European,Harrington,Padraig,mc,71,74,,,,145,71.2,69.6,73.3,,,,71.4
135,12-Jan-2014,Volvo Golf Champions,European,Harrington,Padraig,5,71,71,70,67,,279,71.2,70.2,70.5,70.6,66.0,,69.3
136,10-Nov-2013,Turkish Airlines Open,European,Harrington,Padraig,50,68,70,71,71,,280,71.1,69.7,70.5,72.3,72.8,,71.3
137,27-Oct-2013,BMW Masters,European,Harrington,Padraig,27,72,72,70,73,,287,71.4,68.8,70.6,69.0,73.4,,70.5
138,29-Sep-2013,Alfred Dunhill Links Championship,European,Harrington,Padraig,40,76,66,64,71,,277,72.0,77.5,68.6,66.6,71.8,,71.1
139,15-Sep-2013,KLM Open,European,Harrington,Padraig,mc,71,69,,,,140,72.1,72.5,71.6,,,,72.1
140,08-Sep-2013,European Masters,European,Harrington,Padraig,41,70,65,72,73,,280,71.9,70.5,66.2,73.0,75.2,,71.2
141,18-Aug-2013,Wyndham Championship,PGA,Harrington,Padraig,mc,73,74,,,,147,70.7,73.8,74.5,,,,74.2
142,11-Aug-2013,PGA Championship,PGA,Harrington,Padraig,mc,76,71,,,,147,70.0,73.9,68.7,,,,71.3
143,04-Aug-2013,Reno-Tahoe Open,PGA,Harrington,Padraig,mc,73,72,,,,145,71.6,72.0,71.9,,,,71.9
144,21-Jul-2013,British Open,European,Harrington,Padraig,54,73,75,77,70,,295,70.2,68.6,69.9,72.8,66.5,,69.5
145,14-Jul-2013,Scottish Open,European,Harrington,Padraig,mc,70,71,,,,141,71.5,71.3,71.6,,,,71.5
146,30-Jun-2013,Irish Open,European,Harrington,Padraig,mc,71,74,,,,145,72.1,70.5,73.7,,,,72.1
147,23-Jun-2013,Travelers Championship,PGA,Harrington,Padraig,72,66,66,72,80,,284,70.7,66.6,66.4,72.5,80.5,,71.5
148,16-Jun-2013,U.S. Open,PGA,Harrington,Padraig,21,73,71,75,72,,291,70.5,69.1,66.3,71.1,68.5,,68.8
149,09-Jun-2013,St Jude Classic,PGA,Harrington,Padraig,10,69,70,65,71,,275,71.0,69.2,69.5,66.7,71.0,,69.1
150,19-May-2013,Byron Nelson Championship,PGA,Harrington,Padraig,48,70,70,71,70,,281,71.0,71.2,70.5,71.0,68.5,,70.3
151,12-May-2013,The Players Championship,PGA,Harrington,Padraig,75,68,76,75,76,,295,69.8,65.8,73.5,72.0,72.7,,71.0
152,05-May-2013,Wells Fargo Championship,PGA,Harrington,Padraig,mc,80,75,,,,155,70.7,78.0,72.6,,,,75.3
153,14-Apr-2013,The Masters,PGA,Harrington,Padraig,mc,78,75,,,,153,69.9,74.8,70.7,,,,72.8
154,07-Apr-2013,Texas Open,PGA,Harrington,Padraig,10,68,73,70,70,,281,70.8,65.2,71.7,66.4,69.5,,68.2
155,24-Mar-2013,Malaysian Open,Asian PGA,Harrington,Padraig,6,69,68,70,,,207,72.4,68.7,67.8,70.5,,,69.0
156,17-Mar-2013,Thailand Open,OneAsia,Harrington,Padraig,34,67,66,75,66,,274,73.0,69.0,69.7,78.1,69.7,,71.6
157,10-Mar-2013,Cadillac Championship,WGC,Harrington,Padraig,39,76,72,68,72,,288,69.7,74.9,71.0,66.3,69.1,,70.3
158,24-Feb-2013,World Matchplay,WGC,Harrington,Padraig,33,,,,,,,74.0,,,,,,
159,17-Feb-2013,Northern Trust Open,PGA,Harrington,Padraig,mc,77,71,,,,148,70.2,75.0,69.7,,,,72.3
160,10-Feb-2013,AT&T; Pebble Beach National Pro-Am,PGA,Harrington,Padraig,mc,72,71,72,,,215,71.3,72.1,70.3,71.8,,,71.4
161,03-Feb-2013,Phoenix Open,PGA,Harrington,Padraig,9,64,70,63,70,,267,70.6,65.6,71.7,64.0,71.8,,68.3
162,20-Jan-2013,Abu Dhabi Championship,European,Harrington,Padraig,23,72,72,70,69,,283,71.1,69.6,70.5,70.2,69.3,,69.9
163,13-Jan-2013,Volvo Golf Champions,European,Harrington,Padraig,4,70,71,67,68,,276,70.8,69.0,71.4,67.6,69.4,,69.3
164,25-Nov-2012,DP World Tour Championship,European,Harrington,Padraig,9,67,71,68,68,,274,70.4,67.6,71.9,68.4,69.3,,69.3
165,18-Nov-2012,Hong Kong Open,Asian PGA,Harrington,Padraig,mc,71,75,,,,146,72.5,71.8,76.0,,,,73.9
166,11-Nov-2012,Singapore Open,Asian PGA,Harrington,Padraig,mc,74,73,,,,147,71.6,72.7,72.9,,,,72.8
167,14-Oct-2012,Portugal Masters,European,Harrington,Padraig,16,69,67,71,71,,278,71.6,69.2,67.1,72.9,72.7,,70.5
168,07-Oct-2012,Alfred Dunhill Links Championship,European,Harrington,Padraig,29,71,73,66,68,,278,71.8,72.3,73.5,66.8,69.9,,70.6
169,09-Sep-2012,BMW Championship,PGA,Harrington,Padraig,16,70,65,70,73,,278,70.0,70.5,65.2,69.2,70.9,,68.9
170,02-Sep-2012,Deutsche Bank Championship,PGA,Harrington,Padraig,59,70,74,75,67,,286,69.9,70.0,72.7,74.5,65.9,,70.8
171,26-Aug-2012,The Barclays,PGA,Harrington,Padraig,19,64,75,75,68,,282,70.0,62.8,73.4,72.5,66.2,,68.8
172,12-Aug-2012,PGA Championship,PGA,Harrington,Padraig,18,70,76,69,72,,287,70.4,67.1,68.3,66.4,70.5,,68.1
173,05-Aug-2012,Reno-Tahoe Open,PGA,Harrington,Padraig,19,71,71,68,73,,283,72.0,70.9,71.1,69.6,72.9,,71.1
174,22-Jul-2012,British Open,European,Harrington,Padraig,39,70,72,70,73,,285,71.1,69.5,71.0,68.9,70.8,,70.1
175,15-Jul-2012,Scottish Open,European,Harrington,Padraig,16,69,69,67,71,,276,71.6,70.1,69.8,69.5,70.0,,69.8
176,01-Jul-2012,Irish Open,European,Harrington,Padraig,7,67,67,72,70,,276,71.8,67.6,66.6,70.3,71.5,,69.0
177,24-Jun-2012,Travelers Championship,PGA,Harrington,Padraig,11,69,67,65,69,,270,71.3,69.3,69.0,67.2,71.4,,69.2
178,17-Jun-2012,U.S. Open,PGA,Harrington,Padraig,4,74,70,71,68,,283,70.8,69.9,66.8,69.1,65.2,,67.7
179,10-Jun-2012,St Jude Classic,PGA,Harrington,Padraig,13,68,68,71,69,,276,71.5,67.4,68.7,71.5,70.2,,69.4
180,27-May-2012,BMW PGA Championship,European,Harrington,Padraig,mc,76,79,,,,155,71.4,75.1,76.7,,,,75.9
181,20-May-2012,Byron Nelson Championship,PGA,Harrington,Padraig,15,68,69,70,69,,276,71.4,68.9,68.3,70.3,70.4,,69.5
182,13-May-2012,The Players Championship,PGA,Harrington,Padraig,mc,69,76,,,,145,70.2,66.8,73.6,,,,70.2
183,15-Apr-2012,The Heritage,PGA,Harrington,Padraig,mc,74,72,,,,146,70.9,71.9,71.0,,,,71.5
184,08-Apr-2012,The Masters,PGA,Harrington,Padraig,8,71,73,68,72,,284,70.3,68.0,68.9,65.5,69.6,,68.0
185,01-Apr-2012,Houston Open,PGA,Harrington,Padraig,mc,69,73,74,,,216,70.9,68.8,73.5,72.3,,,71.5
186,18-Mar-2012,Transitions Championship,PGA,Harrington,Padraig,20,61,73,72,71,,277,70.9,61.2,72.7,72.6,71.5,,69.5
187,04-Mar-2012,Honda Classic,PGA,Harrington,Padraig,71,70,68,72,79,,289,71.0,70.1,68.1,71.7,77.9,,71.9
188,19-Feb-2012,Northern Trust Open,PGA,Harrington,Padraig,44,74,70,74,70,,288,70.5,71.1,68.3,73.1,67.4,,70.0
189,12-Feb-2012,AT&T; Pebble Beach National Pro-Am,PGA,Harrington,Padraig,7,68,66,72,70,,276,71.6,69.1,65.7,71.4,69.7,,69.0
190,29-Jan-2012,Abu Dhabi Championship,European,Harrington,Padraig,35,71,69,72,73,,285,71.2,68.8,67.4,73.4,72.7,,70.5
191,22-Jan-2012,Volvo Golf Champions,European,Harrington,Padraig,10,69,73,70,76,,288,71.3,68.3,73.3,66.0,74.2,,70.4
192,04-Dec-2011,Hong Kong Open,Asian PGA,Harrington,Padraig,51,70,71,70,73,,284,72.7,70.4,72.5,72.6,75.0,,72.6
193,20-Nov-2011,Johor Open,Asian PGA,Harrington,Padraig,3,64,67,69,,,200,72.8,65.7,69.7,71.8,,,69.0
194,13-Nov-2011,Singapore Open,Asian PGA,Harrington,Padraig,mc,69,77,,,,146,72.5,70.6,78.4,,,,74.5
195,16-Oct-2011,Portugal Masters,European,Harrington,Padraig,16,67,71,67,68,,273,71.6,68.9,73.0,68.8,69.1,,69.9
196,02-Oct-2011,Alfred Dunhill Links Championship,European,Harrington,Padraig,8,68,71,64,69,,272,72.1,68.2,73.1,65.0,71.0,,69.3
197,25-Sep-2011,Austrian Open,European,Harrington,Padraig,36,75,70,70,72,,287,72.0,73.4,69.0,68.9,72.1,,70.9
198,04-Sep-2011,Deutsche Bank Championship,PGA,Harrington,Padraig,73,69,73,70,75,,287,69.9,68.6,72.9,70.2,73.7,,71.3
199,28-Aug-2011,The Barclays,PGA,Harrington,Padraig,13,65,67,69,,,201,70.2,65.6,68.8,71.0,,,68.5
200,21-Aug-2011,Wyndham Championship,PGA,Harrington,Padraig,47,69,68,69,68,,274,71.4,71.2,70.6,71.6,70.1,,70.9
201,14-Aug-2011,PGA Championship,PGA,Harrington,Padraig,64,73,69,75,74,,291,70.6,70.4,66.8,73.9,72.8,,71.0
202,07-Aug-2011,Bridgestone Invitational,WGC,Harrington,Padraig,59,71,70,73,72,,286,70.2,71.5,70.3,72.4,71.7,,71.5
203,31-Jul-2011,Irish Open,European,Harrington,Padraig,mc,73,72,,,,145,72.2,74.3,73.1,,,,73.7
204,17-Jul-2011,British Open,European,Harrington,Padraig,mc,73,71,,,,144,70.8,71.7,68.8,,,,70.3
205,10-Jul-2011,Scottish Open,European,Harrington,Padraig,14,69,67,68,,,204,71.6,69.3,68.8,70.6,,,69.6
206,26-Jun-2011,Travelers Championship,PGA,Harrington,Padraig,63,69,67,71,69,,276,71.0,71.0,69.8,73.8,71.2,,71.4
207,19-Jun-2011,U.S. Open,PGA,Harrington,Padraig,45,71,73,72,73,,289,70.8,67.6,70.7,70.4,71.9,,70.1
208,12-Jun-2011,St Jude Classic,PGA,Harrington,Padraig,52,70,72,72,68,,282,71.3,69.5,72.4,72.7,69.2,,70.9
209,15-May-2011,The Players Championship,PGA,Harrington,Padraig,mc,73,78,,,,151,70.0,70.8,76.0,,,,73.4
210,08-May-2011,Wells Fargo Championship,PGA,Harrington,Padraig,9,69,72,69,68,,278,70.6,66.6,71.2,68.0,67.2,,68.3
211,24-Apr-2011,China Open,OneAsia,Harrington,Padraig,mc,71,73,,,,144,72.5,73.0,75.5,,,,74.3
212,10-Apr-2011,The Masters,PGA,Harrington,Padraig,mc,77,72,,,,149,70.0,74.3,69.3,,,,71.8
213,03-Apr-2011,Houston Open,PGA,Harrington,Padraig,8,68,69,70,70,,277,70.7,67.0,67.1,70.6,68.9,,68.4
214,20-Mar-2011,Transitions Championship,PGA,Harrington,Padraig,mc,73,70,,,,143,70.7,72.9,69.7,,,,71.3
215,13-Mar-2011,Cadillac Championship,WGC,Harrington,Padraig,10,68,71,68,73,,280,70.0,67.2,68.6,67.3,70.8,,68.5
216,27-Feb-2011,World Matchplay,WGC,Harrington,Padraig,33,,,,,,,,,,,,,
217,20-Feb-2011,Northern Trust Open,PGA,Harrington,Padraig,55,68,71,75,72,,286,70.5,66.4,68.7,74.5,71.9,,70.4
218,13-Feb-2011,AT&T; Pebble Beach National Pro-Am,PGA,Harrington,Padraig,63,69,68,73,78,,288,71.2,68.3,68.1,73.0,76.1,,71.4
219,30-Jan-2011,Volvo Golf Champions,European,Harrington,Padraig,58,70,69,73,71,,283,71.5,70.8,70.4,74.3,72.5,,72.0
220,28-Nov-2010,Dubai World Championship,European,Harrington,Padraig,39,74,70,69,76,,289,70.6,72.5,69.6,68.6,74.5,,71.3
221,14-Nov-2010,Singapore Open,Asian PGA,Harrington,Padraig,mc,69,72,,,,141,72.5,71.2,72.8,,,,72.0
222,07-Nov-2010,HSBC Champions,WGC,Harrington,Padraig,16,70,70,70,73,,283,70.6,68.7,68.4,67.4,72.1,,69.1
223,17-Oct-2010,Johor Open,Asian PGA,Harrington,Padraig,1,64,67,68,69,,268,74.2,65.3,68.8,68.7,72.2,,68.8
224,10-Oct-2010,Alfred Dunhill Links Championship,European,Harrington,Padraig,17,71,68,70,73,,282,72.1,71.4,65.9,69.4,73.3,,70.0
225,26-Sep-2010,Vivendi Cup,European,Harrington,Padraig,8,68,74,69,64,,275,72.8,70.3,75.4,70.6,64.6,,70.2
226,05-Sep-2010,Deutsche Bank Championship,PGA,Harrington,Padraig,mc,74,68,,,,142,69.9,75.9,67.2,,,,71.5
227,29-Aug-2010,The Barclays,PGA,Harrington,Padraig,47,69,68,71,75,,283,70.0,68.4,66.5,70.4,74.3,,69.9
228,15-Aug-2010,PGA Championship,PGA,Harrington,Padraig,mc,75,71,,,,146,70.3,71.7,68.5,,,,70.1
229,08-Aug-2010,Bridgestone Invitational,WGC,Harrington,Padraig,9,69,70,70,66,,275,70.0,68.3,70.0,69.9,64.6,,68.2
230,01-Aug-2010,Irish Open,European,Harrington,Padraig,2,68,67,69,64,,268,72.3,69.2,66.8,69.5,65.5,,67.7
231,18-Jul-2010,British Open,European,Harrington,Padraig,mc,73,77,,,,150,70.6,71.8,72.4,,,,72.1
232,27-Jun-2010,Travelers Championship,PGA,Harrington,Padraig,5,64,71,69,64,,268,71.3,65.6,73.0,71.3,66.3,,69.0
233,20-Jun-2010,U.S. Open,PGA,Harrington,Padraig,22,73,73,74,73,,293,70.8,68.5,69.2,69.9,69.1,,69.2
234,13-Jun-2010,St Jude Classic,PGA,Harrington,Padraig,56,65,74,71,73,,283,71.3,65.7,74.4,71.4,73.2,,71.2
235,23-May-2010,BMW PGA Championship,European,Harrington,Padraig,6,71,67,72,72,,282,71.2,69.7,64.9,69.6,70.5,,68.7
236,09-May-2010,The Players Championship,PGA,Harrington,Padraig,mc,73,72,,,,145,70.2,72.1,70.8,,,,71.4
237,02-May-2010,Quail Hollow Championship,PGA,Harrington,Padraig,7,72,72,70,68,,282,70.6,69.3,69.6,68.2,65.9,,68.2
238,11-Apr-2010,The Masters,PGA,Harrington,Padraig,mc,74,75,,,,149,70.0,70.9,70.5,,,,70.7
239,04-Apr-2010,Houston Open,PGA,Harrington,Padraig,40,69,69,72,77,,287,71.2,67.1,67.7,70.2,76.0,,70.2
240,21-Mar-2010,Transitions Championship,PGA,Harrington,Padraig,8,69,65,72,72,,278,70.8,67.6,64.2,71.7,71.0,,68.6
241,14-Mar-2010,CA Championship,WGC,Harrington,Padraig,3,70,68,67,72,,277,69.9,67.4,67.0,65.3,72.1,,67.9
242,07-Mar-2010,Honda Classic,PGA,Harrington,Padraig,40,71,71,72,70,,284,70.8,69.4,70.8,71.9,68.7,,70.2
243,21-Feb-2010,World Matchplay,WGC,Harrington,Padraig,33,,,,,,,,,,,,,
244,14-Feb-2010,AT&T; Pebble Beach National Pro-Am,PGA,Harrington,Padraig,16,69,67,69,72,,277,71.3,69.9,67.9,69.8,70.1,,69.4
245,07-Feb-2010,Northern Trust Open,PGA,Harrington,Padraig,mc,72,73,,,,145,70.7,71.8,71.4,,,,71.6
246,22-Nov-2009,Dubai World Championship,European,Harrington,Padraig,4,68,69,69,68,,274,70.5,67.3,68.7,68.8,68.0,,68.2
247,08-Nov-2009,HSBC Champions,WGC,Harrington,Padraig,25,74,69,72,67,,282,70.9,73.3,68.3,70.2,68.1,,70.0
248,01-Nov-2009,Singapore Open,Asian PGA,Harrington,Padraig,38,74,69,72,69,,284,72.3,73.4,70.1,72.6,69.3,,71.4
249,18-Oct-2009,Portugal Masters,European,Harrington,Padraig,3,69,62,71,67,,269,71.6,70.1,63.8,73.0,68.7,,68.9
250,04-Oct-2009,Alfred Dunhill Links Championship,European,Harrington,Padraig,26,70,70,72,66,,278,72.0,70.2,71.6,72.0,68.5,,70.6
251,27-Sep-2009,Tour Championship,PGA,Harrington,Padraig,4,67,69,71,69,,276,69.8,66.3,68.7,70.3,67.7,,68.2
252,13-Sep-2009,BMW Championship,PGA,Harrington,Padraig,6,68,68,69,73,,278,70.1,66.7,67.1,68.4,70.6,,68.2
253,06-Sep-2009,Deutsche Bank Championship,PGA,Harrington,Padraig,4,67,67,67,68,,269,70.1,67.4,67.6,66.0,68.4,,67.3
254,30-Aug-2009,The Barclays,PGA,Harrington,Padraig,2,67,75,67,67,,276,70.1,65.1,70.7,66.1,66.2,,67.0
255,16-Aug-2009,PGA Championship,PGA,Harrington,Padraig,10,68,73,69,78,,288,70.5,64.2,68.4,65.8,73.8,,68.1
256,09-Aug-2009,Bridgestone Invitational,WGC,Harrington,Padraig,2,64,69,67,72,,272,70.0,63.2,68.3,66.6,70.6,,67.2
257,19-Jul-2009,British Open,European,Harrington,Padraig,65,69,74,76,73,,292,70.7,68.5,70.7,73.6,71.9,,71.2
258,05-Jul-2009,Open de France,European,Harrington,Padraig,mc,72,75,,,,147,71.7,72.3,73.4,,,,72.9
259,21-Jun-2009,U.S. Open,PGA,Harrington,Padraig,mc,76,76,,,,152,70.9,73.1,74.9,,,,74.0
260,14-Jun-2009,St Jude Classic,PGA,Harrington,Padraig,mc,72,72,,,,144,71.3,72.5,73.3,,,,72.9
261,07-Jun-2009,Memorial Tournament,PGA,Harrington,Padraig,mc,75,77,,,,152,70.3,71.6,73.9,,,,72.8
262,17-May-2009,Irish Open,European,Harrington,Padraig,mc,73,68,,,,141,71.9,73.7,70.1,,,,71.9
263,10-May-2009,The Players Championship,PGA,Harrington,Padraig,49,72,72,74,72,,290,70.0,69.9,69.6,70.4,68.6,,69.7
264,03-May-2009,Quail Hollow Championship,PGA,Harrington,Padraig,mc,73,75,,,,148,70.5,71.3,72.7,,,,72.0
265,12-Apr-2009,The Masters,PGA,Harrington,Padraig,35,69,73,73,73,,288,70.3,67.0,69.5,71.1,71.6,,69.8
266,05-Apr-2009,Houston Open,PGA,Harrington,Padraig,26,72,67,68,77,,284,70.5,70.6,65.6,67.9,72.7,,69.2
267,29-Mar-2009,Arnold Palmer Invitational,PGA,Harrington,Padraig,11,70,68,73,70,,281,70.4,68.3,66.4,70.1,69.4,,68.5
268,15-Mar-2009,CA Championship,WGC,Harrington,Padraig,20,66,71,71,71,,279,70.0,65.4,70.5,70.2,69.3,,68.9
269,01-Mar-2009,World Matchplay,WGC,Harrington,Padraig,33,,,,,,,,,,,,,
270,22-Feb-2009,Northern Trust Open,PGA,Harrington,Padraig,mc,72,72,,,,144,70.5,72.0,71.3,,,,71.6
271,15-Feb-2009,AT&T; Pebble Beach National Pro-Am,PGA,Harrington,Padraig,mc,74,73,71,,,218,71.7,74.0,72.2,69.9,,,72.1
272,08-Feb-2009,Buick Invitational,PGA,Harrington,Padraig,24,71,74,74,68,,287,71.0,68.4,72.0,70.9,66.5,,69.4
273,18-Jan-2009,Abu Dhabi Championship,European,Harrington,Padraig,5,71,66,68,66,,271,71.5,70.8,66.7,68.9,68.0,,68.6
274,16-Nov-2008,Singapore Open,Asian PGA,Harrington,Padraig,2,72,70,66,70,,278,73.3,71.2,70.7,66.6,68.3,,69.2
275,09-Nov-2008,HSBC Champions,Asian PGA,Harrington,Padraig,11,69,70,74,68,,281,72.0,69.1,69.6,71.9,67.0,,69.4
276,02-Nov-2008,Volvo Masters,European,Harrington,Padraig,13,76,71,71,68,,286,71.0,73.3,68.6,69.9,66.3,,69.5
277,05-Oct-2008,Alfred Dunhill Links Championship,European,Harrington,Padraig,13,67,71,74,71,,283,72.1,67.9,67.5,69.6,73.9,,69.7
278,07-Sep-2008,BMW Championship,PGA,Harrington,Padraig,55,69,71,72,71,,283,70.1,69.4,71.9,73.2,71.6,,71.5
279,31-Aug-2008,Deutsche Bank Championship,PGA,Harrington,Padraig,mc,75,65,,,,140,70.2,76.0,66.7,,,,71.4
280,24-Aug-2008,The Barclays,PGA,Harrington,Padraig,mc,72,73,,,,145,70.3,70.6,71.8,,,,71.2
281,10-Aug-2008,PGA Championship,PGA,Harrington,Padraig,1,71,74,66,66,,277,70.6,66.8,69.8,63.3,62.8,,65.7
282,03-Aug-2008,Bridgestone Invitational,WGC,Harrington,Padraig,20,69,75,68,67,,279,70.6,69.2,74.9,68.0,67.1,,69.8
283,20-Jul-2008,British Open,European,Harrington,Padraig,1,74,68,72,69,,283,71.1,69.3,65.4,67.4,66.0,,67.0
284,06-Jul-2008,European Open,European,Harrington,Padraig,17,72,70,69,75,,286,72.0,70.8,70.2,67.4,72.3,,70.2
285,15-Jun-2008,U.S. Open,PGA,Harrington,Padraig,36,78,67,77,71,,293,71.3,73.7,63.3,74.2,69.7,,70.2
286,08-Jun-2008,St Jude Championship,PGA,Harrington,Padraig,4,71,72,66,68,,277,71.3,69.2,70.0,66.5,68.2,,68.5
287,01-Jun-2008,Wales Open,European,Harrington,Padraig,mc,70,74,,,,144,72.3,71.2,75.5,,,,73.4
288,18-May-2008,Irish Open,European,Harrington,Padraig,31,72,71,70,76,,289,72.6,69.8,69.7,70.3,74.3,,71.0
289,11-May-2008,The Players Championship,PGA,Harrington,Padraig,mc,72,78,,,,150,70.2,68.5,73.7,,,,71.1
290,13-Apr-2008,The Masters,PGA,Harrington,Padraig,5,74,71,69,72,,286,70.3,70.1,67.8,66.6,67.5,,68.0
291,06-Apr-2008,Houston Open,PGA,Harrington,Padraig,26,71,73,71,68,,283,70.9,69.5,71.3,71.1,67.1,,69.8
292,30-Mar-2008,Zurich Classic of New Orleans,PGA,Harrington,Padraig,4,71,70,68,69,,278,70.9,69.4,68.8,67.6,68.5,,68.6
293,16-Mar-2008,Ballantine's Championship,Asian PGA,Harrington,Padraig,14,71,65,68,74,,278,72.4,71.4,65.1,69.6,75.6,,70.4
294,24-Feb-2008,World Matchplay,WGC,Harrington,Padraig,17,,,,,,,,,,,,,
295,17-Feb-2008,Northern Trust Open,PGA,Harrington,Padraig,3,69,69,71,68,,277,70.5,67.0,67.0,70.3,67.0,,67.8
296,10-Feb-2008,AT&T; Pebble Beach National Pro-Am,PGA,Harrington,Padraig,14,72,70,70,72,,284,72.0,71.2,69.3,68.8,71.8,,70.3
297,20-Jan-2008,Abu Dhabi Championship,European,Harrington,Padraig,11,72,72,69,68,,281,71.8,70.7,71.6,70.1,68.0,,70.1
298,18-Nov-2007,Dunlop Phoenix Tournament,Japan,Harrington,Padraig,5,68,65,73,69,,275,72.7,70.2,66.7,73.4,69.0,,69.8
299,11-Nov-2007,HSBC Champions,Asian PGA,Harrington,Padraig,5,68,72,69,71,,280,71.6,67.0,69.9,66.7,67.5,,67.8
300,04-Nov-2007,Volvo Masters,European,Harrington,Padraig,4,71,71,71,72,,285,71.3,67.0,68.3,67.8,68.6,,67.9
301,14-Oct-2007,HSBC World Match Play Championship,European,Harrington,Padraig,9,,,,,,,,,,,,,
302,07-Oct-2007,Alfred Dunhill Links Championship,European,Harrington,Padraig,8,70,66,67,73,,276,72.4,71.0,67.7,67.6,73.9,,70.1
303,16-Sep-2007,Tour Championship,PGA,Harrington,Padraig,11,63,70,67,73,,273,69.6,65.1,71.8,68.8,72.5,,69.6
304,02-Sep-2007,Deutsche Bank Championship,PGA,Harrington,Padraig,mc,72,72,,,,144,70.0,71.4,71.2,,,,71.3
305,26-Aug-2007,The Barclays,PGA,Harrington,Padraig,35,71,68,70,71,,280,70.2,70.3,66.9,69.9,70.7,,69.4
306,12-Aug-2007,PGA Championship,PGA,Harrington,Padraig,42,69,73,72,74,,288,70.6,65.3,70.8,70.3,72.4,,69.7
307,05-Aug-2007,Bridgestone Invitational,WGC,Harrington,Padraig,14,72,69,72,72,,285,70.3,70.1,66.3,69.6,69.1,,68.8
308,22-Jul-2007,British Open,European,Harrington,Padraig,1,69,73,68,67,,277,71.0,66.3,69.9,67.6,65.4,,67.3
309,08-Jul-2007,European Open,European,Harrington,Padraig,51,71,68,69,72,,280,72.2,72.3,68.5,71.8,75.0,,71.9
310,24-Jun-2007,Travelers Championship,PGA,Harrington,Padraig,54,71,68,74,69,,282,71.0,71.6,67.2,73.5,70.8,,70.7
311,17-Jun-2007,U.S. Open,PGA,Harrington,Padraig,mc,73,80,,,,153,70.8,68.5,73.9,,,,71.2
312,10-Jun-2007,St Jude Championship,PGA,Harrington,Padraig,mc,74,72,,,,146,70.8,70.6,71.5,,,,71.1
313,27-May-2007,BMW PGA Championship,European,Harrington,Padraig,24,69,69,75,74,,287,71.8,67.7,67.2,73.3,71.4,,69.9
314,20-May-2007,Irish Open,European,Harrington,Padraig,1,73,68,71,71,,283,72.3,69.8,63.9,67.7,69.8,,67.8
315,13-May-2007,The Players Championship,PGA,Harrington,Padraig,52,76,70,74,70,,290,70.3,70.8,66.9,73.2,69.0,,70.0
316,06-May-2007,Wachovia Championship,PGA,Harrington,Padraig,43,66,75,79,69,,289,70.5,62.8,71.4,78.0,66.4,,69.7
317,08-Apr-2007,The Masters,PGA,Harrington,Padraig,7,77,68,75,73,,293,70.4,71.2,62.8,68.1,69.1,,67.8
318,01-Apr-2007,Houston Open,PGA,Harrington,Padraig,24,71,72,66,72,,281,71.0,69.6,70.2,66.5,71.5,,69.4
319,25-Mar-2007,CA Championship,WGC,Harrington,Padraig,19,73,70,73,71,,287,70.4,70.0,68.3,70.8,67.5,,69.2
320,04-Mar-2007,Honda Classic,PGA,Harrington,Padraig,13,68,71,70,71,,280,70.7,65.9,69.8,69.1,71.2,,69.0
321,25-Feb-2007,World Matchplay,WGC,Harrington,Padraig,17,,,,,,,,,,,,,
322,18-Feb-2007,Nissan Open,PGA,Harrington,Padraig,7,63,68,70,73,,274,70.5,61.5,67.4,69.9,72.1,,67.7
323,11-Feb-2007,AT&T; Pebble Beach National Pro-Am,PGA,Harrington,Padraig,30,74,72,68,69,,283,71.7,72.4,71.5,65.9,70.2,,70.0
324,21-Jan-2007,Abu Dhabi Championship,European,Harrington,Padraig,5,68,67,68,71,,274,71.9,68.3,67.9,69.3,72.2,,69.4
325,19-Nov-2006,Dunlop Phoenix Tournament,Japan,Harrington,Padraig,1,67,66,71,67,,271,72.5,66.9,66.8,69.8,68.3,,68.0
326,12-Nov-2006,HSBC Champions,Asian PGA,Harrington,Padraig,6,67,70,73,70,,280,72.2,66.4,70.5,70.3,68.8,,69.0
327,29-Oct-2006,Volvo Masters,European,Harrington,Padraig,2,73,69,72,69,,283,71.2,71.8,66.8,71.1,67.9,,69.4
328,22-Oct-2006,Mallorca Classic,European,Harrington,Padraig,mc,77,74,,,,151,72.4,75.6,72.8,,,,74.2
329,08-Oct-2006,Alfred Dunhill Links Championship,European,Harrington,Padraig,1,66,69,69,68,,272,72.3,66.7,69.6,66.7,68.9,,68.0
330,01-Oct-2006,American Express Championship,WGC,Harrington,Padraig,17,64,69,71,73,,277,70.1,64.3,69.1,70.5,71.9,,69.0
331,17-Sep-2006,Open de Madrid,European,Harrington,Padraig,4,67,65,72,69,,273,72.8,68.2,66.5,73.8,70.8,,69.8
332,03-Sep-2006,BMW International Open,European,Harrington,Padraig,2,70,70,64,69,,273,72.4,69.7,70.8,66.2,69.7,,69.1
333,27-Aug-2006,Bridgestone Invitational,WGC,Harrington,Padraig,27,73,71,70,68,,282,70.4,72.0,70.0,69.7,67.2,,69.7
334,20-Aug-2006,PGA Championship,PGA,Harrington,Padraig,mc,75,74,,,,149,70.8,73.0,72.2,,,,72.6
335,30-Jul-2006,Deutsche Bank Players' Championship of Europe,European,Harrington,Padraig,28,68,65,72,72,,277,72.3,69.7,67.1,74.2,73.4,,71.1
336,23-Jul-2006,British Open,European,Harrington,Padraig,mc,75,74,,,,149,71.1,73.9,72.7,,,,73.3
337,09-Jul-2006,European Open,European,Harrington,Padraig,20,70,75,69,73,,287,72.4,70.0,73.4,68.4,69.9,,70.4
338,02-Jul-2006,Open de France,European,Harrington,Padraig,2,69,70,69,66,,274,72.4,69.1,70.5,69.8,65.8,,68.8
339,25-Jun-2006,Booz Allen Classic,PGA,Harrington,Padraig,2,70,65,68,66,,269,71.4,70.1,66.2,69.5,67.0,,68.2
340,18-Jun-2006,U.S. Open,PGA,Harrington,Padraig,5,73,69,74,71,,287,70.8,67.8,64.8,70.9,67.8,,67.8
341,11-Jun-2006,Barclays Classic,PGA,Harrington,Padraig,36,74,66,75,71,,286,70.7,72.6,65.6,72.4,68.2,,69.7
342,28-May-2006,BMW Championship,European,Harrington,Padraig,6,72,70,68,71,,281,71.9,70.6,68.0,67.5,71.0,,69.3
343,21-May-2006,Irish Open,European,Harrington,Padraig,11,71,74,69,74,,288,72.6,67.5,73.4,69.1,70.9,,70.2
344,14-May-2006,British Masters,European,Harrington,Padraig,14,75,66,74,68,,283,72.3,74.9,65.3,73.5,68.2,,70.5
345,30-Apr-2006,Zurich Classic of New Orleans,PGA,Harrington,Padraig,11,70,68,71,66,,275,71.4,70.8,68.1,70.3,68.9,,69.5
346,23-Apr-2006,Houston Open,PGA,Harrington,Padraig,32,71,73,69,71,,284,71.3,69.5,72.5,67.9,69.7,,69.9
347,09-Apr-2006,The Masters,PGA,Harrington,Padraig,27,73,70,75,74,,292,70.5,68.6,66.5,71.7,72.2,,69.8
348,02-Apr-2006,BellSouth Classic,PGA,Harrington,Padraig,51,68,71,71,75,,285,71.2,67.5,69.6,70.7,75.7,,70.9
349,26-Mar-2006,The Players Championship,PGA,Harrington,Padraig,mc,73,73,,,,146,70.3,71.1,70.0,,,,70.5
350,12-Mar-2006,Honda Classic,PGA,Harrington,Padraig,16,71,67,74,74,,286,71.1,67.8,65.1,72.5,71.9,,69.4
351,05-Mar-2006,Ford Championship,PGA,Harrington,Padraig,26,68,70,69,72,,279,70.9,68.6,70.6,68.3,71.5,,69.7
352,26-Feb-2006,World Matchplay,WGC,Harrington,Padraig,5,,,,,,,,,,,,,
353,19-Feb-2006,Malaysian Open,Asian PGA,Harrington,Padraig,13,69,69,67,,,205,72.8,70.7,71.2,69.8,,,70.6
354,13-Nov-2005,HSBC Champions,Asian PGA,Harrington,Padraig,15,69,72,72,68,,281,72.4,70.7,72.9,71.1,68.5,,70.8
355,06-Nov-2005,Tour Championship,PGA,Harrington,Padraig,7,71,66,68,69,,274,69.9,71.4,66.8,68.8,68.8,,68.9
356,30-Oct-2005,Volvo Masters,European,Harrington,Padraig,10,72,74,67,67,,280,71.4,70.9,73.2,67.9,68.0,,70.0
357,16-Oct-2005,Michelin Championship,PGA,Harrington,Padraig,39,69,67,72,69,,277,71.1,71.5,69.5,71.7,68.7,,70.4
358,09-Oct-2005,American Express Championship,WGC,Harrington,Padraig,67,74,72,80,73,,299,70.6,74.0,72.5,78.9,72.2,,74.4
359,02-Oct-2005,Alfred Dunhill Links Championship,European,Harrington,Padraig,3,70,70,71,70,,281,72.5,70.3,69.2,69.4,68.6,,69.4
360,11-Sep-2005,German Masters,European,Harrington,Padraig,mc,75,69,,,,144,72.1,75.7,70.1,,,,72.9
361,28-Aug-2005,BMW International Open,European,Harrington,Padraig,16,69,67,70,67,,273,72.3,70.4,68.4,71.8,68.9,,69.9
362,21-Aug-2005,NEC Invitational,WGC,Harrington,Padraig,24,75,68,69,70,,282,70.4,73.5,66.5,69.1,69.2,,69.6
363,14-Aug-2005,PGA Championship,PGA,Harrington,Padraig,mc,76,77,,,,153,70.7,73.9,75.3,,,,74.6
364,24-Jul-2005,Deutsche Bank Players' Championship of Europe,European,Harrington,Padraig,40,70,71,76,69,,286,72.3,70.3,71.0,76.4,69.3,,71.8
365,03-Jul-2005,European Open,European,Harrington,Padraig,mc,79,74,,,,153,72.1,76.4,72.0,,,,74.2
366,26-Jun-2005,Barclays Classic,PGA,Harrington,Padraig,1,71,65,68,70,,274,71.2,68.4,63.6,67.5,68.1,,66.9
367,19-Jun-2005,U.S. Open,PGA,Harrington,Padraig,mc,77,74,,,,151,70.8,73.1,71.1,,,,72.1
368,12-Jun-2005,Booz Allen Classic,PGA,Harrington,Padraig,mc,71,73,,,,144,70.8,70.2,72.9,,,,71.5
369,29-May-2005,BMW Championship,European,Harrington,Padraig,11,70,68,74,71,,283,72.0,68.9,66.7,71.5,71.5,,69.7
370,22-May-2005,Irish Open,European,Harrington,Padraig,5,73,72,68,69,,282,72.3,71.5,69.4,68.2,68.4,,69.4
371,08-May-2005,Wachovia Championship,PGA,Harrington,Padraig,75,71,75,73,80,,299,70.7,67.7,71.0,70.6,78.2,,71.9
372,01-May-2005,Zurich Classic of New Orleans,PGA,Harrington,Padraig,9,68,71,70,71,,280,71.3,66.8,69.5,69.2,70.2,,68.9
373,10-Apr-2005,The Masters,PGA,Harrington,Padraig,mc,72,77,,,,149,70.4,67.0,73.6,,,,70.3
374,27-Mar-2005,The Players Championship,PGA,Harrington,Padraig,63,67,73,77,78,,295,70.2,65.4,71.9,73.6,71.5,,70.6
375,13-Mar-2005,Honda Classic,PGA,Harrington,Padraig,1,73,69,69,63,,274,71.0,71.5,68.2,67.3,62.9,,67.5
376,06-Mar-2005,Ford Championship,PGA,Harrington,Padraig,52,68,71,73,70,,282,70.8,68.3,71.3,73.0,69.6,,70.5
377,27-Feb-2005,World Matchplay,WGC,Harrington,Padraig,17,,,,,,,,,,,,,
378,20-Feb-2005,Malaysian Open,Asian PGA,Harrington,Padraig,8,71,66,67,74,,278,73.4,72.1,67.5,68.4,75.1,,70.8
379,05-Dec-2004,Hong Kong Open,Asian PGA,Harrington,Padraig,2,65,68,67,67,,267,73.3,67.5,70.1,68.9,68.9,,68.9
380,07-Nov-2004,Tour Championship,PGA,Harrington,Padraig,14,69,75,68,68,,280,69.3,67.7,73.4,67.4,68.0,,69.1
381,31-Oct-2004,Volvo Masters,European,Harrington,Padraig,19,72,70,71,74,,287,71.0,70.3,68.5,69.7,72.8,,70.3
382,17-Oct-2004,HSBC World Match Play Championship,European,Harrington,Padraig,3,,,,,,,,,,,,,
383,10-Oct-2004,Alfred Dunhill Links Championship,European,Harrington,Padraig,mc,71,74,70,,,215,72.1,71.7,75.3,70.3,,,72.4
384,03-Oct-2004,American Express Championship,WGC,Harrington,Padraig,6,69,69,66,73,,277,70.3,68.8,67.1,64.9,70.3,,67.8
385,26-Sep-2004,The Heritage,European,Harrington,Padraig,37,72,71,71,70,,284,72.2,71.1,71.1,71.3,71.4,,71.2
386,12-Sep-2004,German Masters,European,Harrington,Padraig,1,66,75,64,70,,275,71.8,64.5,73.0,63.2,67.0,,66.9
387,29-Aug-2004,BMW International Open,European,Harrington,Padraig,mc,72,75,,,,147,72.1,71.3,75.7,,,,73.5
388,22-Aug-2004,NEC Invitational,WGC,Harrington,Padraig,74,77,74,70,76,,297,70.0,76.2,73.1,69.0,74.2,,73.1
389,15-Aug-2004,PGA Championship,PGA,Harrington,Padraig,45,68,71,72,78,,289,70.4,65.1,68.2,69.9,74.1,,69.3
390,25-Jul-2004,Irish Open,European,Harrington,Padraig,2,70,70,71,67,,278,72.4,70.4,69.5,70.1,67.3,,69.3
391,18-Jul-2004,British Open,European,Harrington,Padraig,mc,76,71,,,,147,71.1,74.2,68.6,,,,71.4
392,04-Jul-2004,European Open,European,Harrington,Padraig,52,70,76,76,71,,293,71.8,67.1,72.6,74.5,71.1,,71.3
393,20-Jun-2004,U.S. Open,PGA,Harrington,Padraig,31,73,71,76,75,,295,70.8,70.4,68.7,73.2,67.0,,69.8
394,13-Jun-2004,Buick Classic,PGA,Harrington,Padraig,2,68,68,68,68,,272,70.8,67.6,67.9,67.6,66.0,,67.3
395,06-Jun-2004,Memorial Tournament,PGA,Harrington,Padraig,40,71,74,74,70,,289,70.0,67.9,71.1,71.7,67.7,,69.6
396,23-May-2004,Deutsche Bank - SAP Open,European,Harrington,Padraig,2,70,68,68,66,,272,71.7,69.3,65.0,65.5,65.5,,66.3
397,16-May-2004,Asian Open,Asian PGA,Harrington,Padraig,60,72,72,73,74,,291,73.9,72.3,71.9,73.9,75.9,,73.5
398,09-May-2004,Macau Open,Asian PGA,Harrington,Padraig,5,69,67,66,69,,271,75.1,73.2,68.5,70.9,74.0,,71.7
399,11-Apr-2004,The Masters,PGA,Harrington,Padraig,13,74,74,68,72,,288,70.3,69.1,70.5,65.0,69.7,,68.6
400,04-Apr-2004,BellSouth Classic,PGA,Harrington,Padraig,4,70,69,67,72,,278,71.1,68.0,66.6,66.6,68.9,,67.5
401,28-Mar-2004,The Players Championship,PGA,Harrington,Padraig,2,68,70,73,66,,277,70.0,65.2,66.5,71.1,62.5,,66.3
402,07-Mar-2004,Dubai Desert Classic,European,Harrington,Padraig,24,69,72,70,70,,281,71.9,68.2,71.2,70.5,71.5,,70.3
403,29-Feb-2004,World Matchplay,WGC,Harrington,Padraig,5,,,,,,,,,,,,,
404,22-Feb-2004,Malaysian Open,Asian PGA,Harrington,Padraig,37,69,74,71,72,,286,73.2,69.4,74.2,72.4,73.9,,72.4
405,07-Dec-2003,Hong Kong Open,Asian PGA,Harrington,Padraig,1,67,69,67,66,,269,73.8,69.4,71.2,70.4,69.4,,70.1
406,02-Nov-2003,Volvo Masters,European,Harrington,Padraig,19,76,74,70,70,,290,71.3,73.2,71.3,68.6,68.3,,70.4
407,26-Oct-2003,Open de Madrid,European,Harrington,Padraig,2,65,73,68,65,,271,72.1,65.7,74.5,69.3,67.0,,69.1
408,05-Oct-2003,American Express Championship,WGC,Harrington,Padraig,6,71,73,69,66,,279,70.3,69.0,69.2,68.6,63.8,,67.6
409,28-Sep-2003,Alfred Dunhill Links Championship,European,Harrington,Padraig,35,72,69,67,71,,279,72.3,71.8,69.9,69.7,73.3,,71.2
410,21-Sep-2003,German Masters,European,Harrington,Padraig,mc,73,68,,,,141,71.9,74.6,70.2,,,,72.4
411,14-Sep-2003,Trophee Lancome,European,Harrington,Padraig,13,68,68,71,69,,276,72.6,69.6,69.5,72.8,70.2,,70.5
412,24-Aug-2003,NEC Invitational,WGC,Harrington,Padraig,39,73,71,70,70,,284,70.4,72.7,70.6,69.1,68.0,,70.1
413,17-Aug-2003,PGA Championship,PGA,Harrington,Padraig,29,72,76,69,73,,290,70.6,67.6,71.8,67.3,69.7,,69.1
414,27-Jul-2003,Irish Open,European,Harrington,Padraig,mc,69,76,,,,145,72.8,69.1,76.0,,,,72.5
415,20-Jul-2003,British Open,European,Harrington,Padraig,22,75,73,74,69,,291,70.9,69.4,68.7,72.0,66.7,,69.2
416,06-Jul-2003,European Open,European,Harrington,Padraig,61,73,73,73,72,,291,72.2,72.1,71.5,73.9,72.0,,72.4
417,15-Jun-2003,U.S. Open,PGA,Harrington,Padraig,10,69,72,72,68,,281,70.7,67.0,70.8,70.6,65.7,,68.5
418,08-Jun-2003,FBR Capitol Open,PGA,Harrington,Padraig,13,70,70,66,72,,278,71.0,67.9,69.2,65.7,70.9,,68.4
419,01-Jun-2003,Memorial Tournament,PGA,Harrington,Padraig,13,70,71,73,72,,286,70.3,68.3,68.8,67.8,68.4,,68.3
420,18-May-2003,Deutsche Bank - SAP Open,European,Harrington,Padraig,1,65,66,70,68,,269,72.2,65.2,67.8,71.9,70.1,,68.7
421,11-May-2003,Benson and Hedges International Open,European,Harrington,Padraig,2,67,68,71,75,,281,72.2,65.0,65.7,70.1,72.9,,68.4
422,13-Apr-2003,The Masters,PGA,Harrington,Padraig,mc,77,73,,,,150,70.2,71.0,68.6,,,,69.8
423,06-Apr-2003,BellSouth Classic,PGA,Harrington,Padraig,mc,74,74,,,,148,71.1,71.6,72.6,,,,72.1
424,30-Mar-2003,The Players Championship,PGA,Harrington,Padraig,2,67,68,70,72,,277,70.0,63.8,66.3,68.6,68.1,,66.7
425,16-Mar-2003,Qatar Masters,European,Harrington,Padraig,11,70,73,76,65,,284,72.9,69.8,71.7,75.7,65.9,,70.8
426,09-Mar-2003,Dubai Desert Classic,European,Harrington,Padraig,47,73,70,71,71,,285,72.3,73.4,70.9,71.1,72.1,,71.9
427,02-Mar-2003,World Matchplay,WGC,Harrington,Padraig,17,,,,,,,,,,,,,
428,23-Feb-2003,Malaysian Open,Asian PGA,Harrington,Padraig,14,66,66,67,73,,272,73.4,68.8,69.1,70.3,76.7,,71.2
429,24-Nov-2002,Asian Open,Asian PGA,Harrington,Padraig,1,66,70,68,69,,273,72.6,66.6,70.1,68.4,70.9,,69.0
430,10-Nov-2002,Volvo Masters,European,Harrington,Padraig,36,74,76,74,73,,297,71.2,72.6,73.6,70.1,70.3,,71.6
431,03-Nov-2002,Italian Open,European,Harrington,Padraig,6,71,68,63,,,202,72.5,72.5,70.6,66.1,,,69.7
432,27-Oct-2002,Open de Madrid,European,Harrington,Padraig,7,65,66,66,72,,269,72.1,66.4,68.4,68.5,74.2,,69.4
433,20-Oct-2002,HSBC World Match Play Championship,European,Harrington,Padraig,5,,,,,,,,,,,,,
434,06-Oct-2002,Alfred Dunhill Links Championship,European,Harrington,Padraig,1,66,66,68,69,,269,72.0,65.1,66.0,68.8,71.3,,67.8
435,22-Sep-2002,American Express Championship,WGC,Harrington,Padraig,21,69,70,67,69,,275,69.9,68.6,70.2,67.0,69.4,,68.8
436,15-Sep-2002,German Masters,European,Harrington,Padraig,12,69,66,71,68,,274,71.6,69.4,66.7,73.2,69.3,,69.6
437,01-Sep-2002,BMW International Open,European,Harrington,Padraig,17,70,70,68,68,,276,72.2,71.4,71.8,70.1,68.7,,70.5
438,25-Aug-2002,NEC Invitational,WGC,Harrington,Padraig,47,72,70,73,72,,287,70.1,71.2,69.0,71.2,70.7,,70.5
439,18-Aug-2002,PGA Championship,PGA,Harrington,Padraig,17,71,73,74,72,,290,70.4,66.1,69.0,68.1,68.6,,68.0
440,28-Jul-2002,Dutch Open,European,Harrington,Padraig,3,66,67,64,68,,265,72.3,67.8,69.0,67.8,71.2,,69.0
441,21-Jul-2002,British Open,European,Harrington,Padraig,5,69,67,76,67,,279,73.0,69.5,68.0,73.8,69.2,,70.1
442,07-Jul-2002,European Open,European,Harrington,Padraig,2,72,69,69,73,,283,71.5,69.5,65.9,67.3,72.2,,68.7
443,30-Jun-2002,Irish Open,European,Harrington,Padraig,6,71,68,69,66,,274,71.9,71.2,69.0,71.1,66.8,,69.5
444,16-Jun-2002,U.S. Open,PGA,Harrington,Padraig,8,70,68,73,75,,286,70.3,65.4,61.8,71.2,70.9,,67.3
445,02-Jun-2002,British Masters,European,Harrington,Padraig,11,73,70,65,70,,278,72.1,72.6,70.3,66.5,71.4,,70.2
446,26-May-2002,Volvo PGA Championship,European,Harrington,Padraig,mc,76,72,,,,148,71.9,75.9,70.7,,,,73.3
447,19-May-2002,Deutsche Bank - SAP Open,European,Harrington,Padraig,12,71,70,66,70,,277,71.5,70.2,69.1,66.7,70.4,,69.1
448,12-May-2002,Benson and Hedges International Open,European,Harrington,Padraig,3,71,70,70,69,,280,71.7,69.1,68.2,68.2,68.5,,68.5
449,14-Apr-2002,The Masters,PGA,Harrington,Padraig,5,69,70,72,71,,282,69.9,64.8,66.4,69.4,68.0,,67.1
450,07-Apr-2002,BellSouth Classic,PGA,Harrington,Padraig,8,69,65,73,74,,281,70.7,68.3,62.8,70.5,69.9,,67.9
451,24-Mar-2002,The Players Championship,PGA,Harrington,Padraig,22,70,72,77,70,,289,69.8,66.5,68.2,73.2,65.8,,68.4
452,10-Mar-2002,Dubai Desert Classic,European,Harrington,Padraig,20,70,75,68,71,,284,71.8,68.3,73.7,67.5,71.2,,70.2
453,03-Mar-2002,Malaysian Open,Asian PGA,Harrington,Padraig,11,70,67,66,69,,272,72.4,71.8,68.6,68.4,70.7,,69.9
454,24-Feb-2002,World Matchplay,WGC,Harrington,Padraig,33,,,,,,,,,,,,,
455,11-Nov-2001,Volvo Masters,European,Harrington,Padraig,1,67,71,66,,,204,71.0,67.0,68.0,65.6,,,66.9
456,28-Oct-2001,Open de Madrid,European,Harrington,Padraig,25,63,72,69,69,,273,72.0,64.8,74.3,71.7,72.4,,70.8
457,21-Oct-2001,Alfred Dunhill Links Championship,European,Harrington,Padraig,5,67,67,72,69,,275,71.9,66.9,68.0,70.3,69.5,,68.7
458,14-Oct-2001,HSBC World Match Play Championship,European,Harrington,Padraig,2,,,,,,,,,,,,,
459,07-Oct-2001,German Masters,European,Harrington,Padraig,19,70,67,67,71,,275,71.7,71.2,68.9,69.7,72.9,,70.7
460,02-Sep-2001,BMW International Open,European,Harrington,Padraig,2,69,63,62,68,,262,72.1,70.5,64.6,63.8,70.0,,67.2
461,26-Aug-2001,NEC Invitational,WGC,Harrington,Padraig,17,68,66,73,72,,279,69.5,68.3,65.6,72.6,69.4,,69.0
462,19-Aug-2001,PGA Championship,PGA,Harrington,Padraig,mc,75,74,,,,149,70.2,73.9,72.8,,,,73.4
463,12-Aug-2001,Buick Open,PGA,Harrington,Padraig,6,67,67,65,69,,268,71.0,67.2,67.4,66.8,71.3,,68.2
464,29-Jul-2001,Dutch Open,European,Harrington,Padraig,9,67,67,71,71,,276,72.6,68.1,68.8,71.7,72.3,,70.2
465,22-Jul-2001,British Open,European,Harrington,Padraig,37,75,66,74,71,,286,70.6,72.5,64.2,73.2,69.0,,69.7
466,08-Jul-2001,European Open,European,Harrington,Padraig,2,70,67,69,70,,276,72.1,69.3,66.7,69.6,69.1,,68.7
467,01-Jul-2001,Irish Open,European,Harrington,Padraig,2,67,72,68,64,,271,72.5,68.2,72.1,69.3,66.1,,69.0
468,17-Jun-2001,U.S. Open,PGA,Harrington,Padraig,30,73,70,71,74,,288,70.5,69.3,67.4,69.4,71.4,,69.4
469,27-May-2001,Volvo PGA Championship,European,Harrington,Padraig,45,67,75,69,76,,287,72.0,66.6,75.2,68.6,75.5,,71.5
470,20-May-2001,Deutsche Bank - SAP Open,European,Harrington,Padraig,5,70,69,64,70,,273,72.0,69.6,69.4,66.2,71.1,,69.1
471,13-May-2001,Benson and Hedges International Open,European,Harrington,Padraig,19,68,72,76,70,,286,72.0,67.1,70.9,75.3,68.9,,70.6
472,29-Apr-2001,Algarve Open de Portugal,European,Harrington,Padraig,2,64,70,71,70,,275,73.0,65.2,70.0,73.1,71.5,,70.0
473,15-Apr-2001,WorldCom Classic,PGA,Harrington,Padraig,59,70,71,72,72,,285,70.4,69.4,70.3,71.3,71.4,,70.6
474,08-Apr-2001,The Masters,PGA,Harrington,Padraig,27,75,69,72,71,,287,70.6,72.5,66.9,70.8,70.0,,70.1
475,25-Mar-2001,The Players Championship,PGA,Harrington,Padraig,33,70,75,73,72,,290,70.4,67.1,71.0,70.3,69.5,,69.5
476,04-Mar-2001,Dubai Desert Classic,European,Harrington,Padraig,2,66,69,64,69,,268,72.6,68.1,70.9,67.1,69.9,,69.0
477,25-Feb-2001,Singapore Masters,Asian PGA,Harrington,Padraig,5,63,67,71,66,,267,73.9,67.0,71.3,74.9,70.0,,70.8
478,18-Feb-2001,Malaysian Open,Asian PGA,Harrington,Padraig,2,70,66,68,70,,274,73.9,69.5,67.6,69.5,71.4,,69.5
479,07-Jan-2001,World Matchplay,WGC,Harrington,Padraig,33,,,,,,,,,,,,,
480,12-Nov-2000,American Express Championship,WGC,Harrington,Padraig,5,66,72,73,70,,281,70.3,64.9,68.9,70.9,68.7,,68.3
481,05-Nov-2000,Volvo Masters,European,Harrington,Padraig,14,72,69,69,71,,281,71.6,70.7,69.3,69.3,71.2,,70.1
482,22-Oct-2000,Turespana Masters,European,Harrington,Padraig,1,67,64,66,70,,267,73.1,68.9,67.2,68.5,72.4,,69.3
483,08-Oct-2000,HSBC World Match Play Championship,European,Harrington,Padraig,5,,,,,,,,,,,,,
484,01-Oct-2000,German Masters,European,Harrington,Padraig,3,66,66,69,,,201,72.6,67.4,68.3,71.8,,,69.2
485,24-Sep-2000,Belgacom Open,European,Harrington,Padraig,3,65,67,68,71,,271,73.4,67.3,69.4,71.1,73.7,,70.4
486,10-Sep-2000,European Masters,European,Harrington,Padraig,mc,71,75,,,,146,73.4,71.3,76.1,,,,73.7
487,03-Sep-2000,BMW International Open,European,Harrington,Padraig,20,67,66,74,73,,280,73.3,69.4,68.2,75.8,73.2,,71.7
488,27-Aug-2000,NEC Invitational,WGC,Harrington,Padraig,27,76,65,71,72,,284,69.6,76.2,64.7,70.6,72.2,,70.9
489,20-Aug-2000,PGA Championship,PGA,Harrington,Padraig,58,75,72,69,74,,290,71.3,71.5,70.2,69.3,74.0,,71.2
490,30-Jul-2000,Dutch Open,European,Harrington,Padraig,28,69,70,73,69,,281,73.6,70.4,71.1,75.0,71.7,,72.1
491,23-Jul-2000,British Open,European,Harrington,Padraig,20,68,72,70,72,,282,71.4,66.5,71.2,69.8,71.3,,69.7
492,09-Jul-2000,European Open,European,Harrington,Padraig,39,73,71,71,77,,292,72.8,72.3,69.4,70.2,76.6,,72.1
493,02-Jul-2000,Irish Open,European,Harrington,Padraig,28,67,71,72,71,,281,73.2,68.2,73.4,73.4,71.7,,71.7
494,18-Jun-2000,U.S. Open,PGA,Harrington,Padraig,5,73,71,72,73,,289,71.3,69.3,66.5,66.2,71.1,,68.3
495,28-May-2000,Volvo PGA Championship,European,Harrington,Padraig,17,72,74,69,67,,282,72.9,72.2,72.9,69.4,68.8,,70.8
496,21-May-2000,Deutsche Bank - SAP Open,European,Harrington,Padraig,17,73,70,69,70,,282,72.6,72.0,69.8,70.2,71.1,,70.8
497,09-Apr-2000,The Masters,PGA,Harrington,Padraig,19,76,69,75,71,,291,70.9,71.3,67.3,71.5,68.8,,69.7
498,02-Apr-2000,Sao Paulo Open,European,Harrington,Padraig,1,69,68,65,68,,270,74.1,71.4,70.7,69.1,70.9,,70.5
499,26-Mar-2000,Rio de Janeiro Open,European,Harrington,Padraig,2,67,62,71,70,,270,74.0,69.5,64.1,73.7,72.9,,70.0
500,19-Mar-2000,Bay Hill Invitational,PGA,Harrington,Padraig,mc,74,72,,,,146,70.9,72.0,72.3,,,,72.2
501,27-Feb-2000,World Matchplay,WGC,Harrington,Padraig,33,,,,,,,,,,,,,
502,13-Feb-2000,Malaysian Open,Asian PGA,Harrington,Padraig,2,68,69,72,70,,279,74.1,68.9,69.7,74.1,71.5,,71.1
503,06-Feb-2000,Greg Norman International,Australasian,Harrington,Padraig,mc,72,76,,,,148,73.1,71.2,76.4,,,,73.8
504,30-Jan-2000,Heineken Classic,Australasian,Harrington,Padraig,mc,80,69,,,,149,73.2,79.7,69.2,,,,74.5
505,28-Nov-1999,Casio World Open,Japan,Harrington,Padraig,46,70,75,71,76,,292,73.2,71.4,75.1,71.8,76.1,,73.6
506,07-Nov-1999,American Express Championship,WGC,Harrington,Padraig,30,76,74,70,71,,291,70.3,73.0,73.5,67.9,66.2,,70.2
507,31-Oct-1999,Volvo Masters,European,Harrington,Padraig,2,66,65,73,67,,271,71.7,67.7,66.7,74.5,68.4,,69.3
508,17-Oct-1999,HSBC World Match Play Championship,European,Harrington,Padraig,3,,,,,,,,,,,,,
509,03-Oct-1999,German Masters,European,Harrington,Padraig,2,70,70,70,67,,277,72.8,70.0,69.7,68.9,68.0,,69.2
510,19-Sep-1999,B.C. Open,PGA,Harrington,Padraig,12,72,69,67,71,,279,72.5,70.9,69.5,68.4,72.8,,70.4
511,29-Aug-1999,NEC Invitational,WGC,Harrington,Padraig,12,72,67,70,71,,280,69.8,71.5,66.5,70.2,68.0,,69.1
512,22-Aug-1999,BMW International Open,European,Harrington,Padraig,2,66,67,66,72,,271,73.4,67.0,68.7,68.8,74.3,,69.7
513,15-Aug-1999,West of Ireland Golf Classic,European,Harrington,Padraig,2,69,69,68,72,,278,74.7,71.6,69.5,69.2,74.8,,71.3
514,08-Aug-1999,Scandinavian Masters,European,Harrington,Padraig,21,73,69,69,72,,283,73.1,73.4,70.1,71.2,72.2,,71.7
515,01-Aug-1999,European Open,European,Harrington,Padraig,18,69,73,71,68,,281,72.8,69.7,73.3,72.1,69.6,,71.2
516,18-Jul-1999,British Open,European,Harrington,Padraig,29,77,74,74,74,,299,71.8,70.4,68.8,70.2,71.2,,70.2
517,11-Jul-1999,Loch Lomond,European,Harrington,Padraig,mc,73,73,,,,146,72.7,73.5,73.9,,,,73.7
518,04-Jul-1999,Irish Open,European,Harrington,Padraig,mc,70,74,,,,144,72.9,71.0,75.2,,,,73.1
519,27-Jun-1999,European Grand Prix,European,Harrington,Padraig,11,71,71,71,71,,284,73.2,71.4,71.7,70.2,71.0,,71.1
520,13-Jun-1999,German Open,European,Harrington,Padraig,6,69,70,69,70,,278,73.4,69.9,71.0,70.1,72.2,,70.8
521,30-May-1999,Volvo PGA Championship,European,Harrington,Padraig,56,74,70,72,73,,289,72.9,73.4,70.0,73.1,75.8,,73.1
522,23-May-1999,Deutsche Bank - SAP Open,European,Harrington,Padraig,38,73,73,70,73,,289,72.8,72.4,71.3,70.2,73.7,,71.9
523,16-May-1999,Benson and Hedges International Open,European,Harrington,Padraig,16,70,71,71,68,,280,72.9,70.5,72.9,72.5,69.5,,71.3
524,02-May-1999,Italian Open,European,Harrington,Padraig,2,68,66,68,70,,272,73.4,69.6,68.0,69.9,73.0,,70.1
525,25-Apr-1999,Open de Espana,European,Harrington,Padraig,54,71,68,75,69,,283,73.1,72.5,69.1,77.0,72.7,,72.9
526,28-Mar-1999,Madeira Island Open,European,Harrington,Padraig,4,73,71,66,71,,281,73.9,73.1,70.9,68.1,73.0,,71.3
527,14-Mar-1999,Turespana Masters,European,Harrington,Padraig,49,71,69,71,72,,283,73.3,73.0,71.2,74.2,75.1,,73.4
528,07-Mar-1999,Portuguese Open,European,Harrington,Padraig,74,74,73,77,75,,299,73.5,73.5,72.7,78.9,75.8,,75.2
529,21-Feb-1999,Qatar Masters,European,Harrington,Padraig,24,71,70,72,72,,285,72.9,71.0,71.7,72.5,72.3,,71.9
530,14-Feb-1999,Dubai Desert Classic,European,Harrington,Padraig,mc,72,76,,,,148,72.7,71.3,75.5,,,,73.4
531,07-Feb-1999,Malaysian Open,Asian PGA,Harrington,Padraig,4,70,73,70,71,,284,73.6,69.1,72.8,71.2,71.5,,71.2
532,31-Jan-1999,Heineken Classic,Australasian,Harrington,Padraig,51,71,73,74,69,,287,73.3,72.1,72.9,75.9,70.6,,72.9
533,08-Nov-1998,Sarazen World Open,PGA,Harrington,Padraig,13,70,73,67,75,,285,72.7,68.4,71.8,66.7,73.9,,70.2
534,01-Nov-1998,Volvo Masters,European,Harrington,Padraig,16,70,69,70,72,,281,72.0,70.7,69.1,71.0,71.5,,70.6
535,04-Oct-1998,Belgacom Open,European,Harrington,Padraig,21,74,68,67,67,,276,73.6,76.4,69.6,70.5,71.1,,71.9
536,27-Sep-1998,German Masters,European,Harrington,Padraig,8,69,64,67,72,,272,72.8,71.2,66.9,70.4,75.0,,70.9
537,20-Sep-1998,Trophee Lancome,European,Harrington,Padraig,mc,74,74,,,,148,72.7,74.8,74.6,,,,74.7
538,13-Sep-1998,British Masters,European,Harrington,Padraig,mc,74,73,,,,147,73.1,73.3,73.3,,,,73.3
539,06-Sep-1998,European Masters,European,Harrington,Padraig,30,70,69,65,73,,277,73.4,71.8,71.6,69.1,76.6,,72.3
540,23-Aug-1998,European Open,European,Harrington,Padraig,23,71,74,74,73,,292,73.2,68.1,72.2,73.8,72.1,,71.5
541,09-Aug-1998,German Open,European,Harrington,Padraig,2,73,69,70,69,,281,73.8,72.7,68.9,72.2,69.0,,70.7
542,02-Aug-1998,Scandinavian Masters,European,Harrington,Padraig,63,72,70,74,75,,291,73.3,72.5,70.5,76.0,76.1,,73.8
543,26-Jul-1998,Dutch Open,European,Harrington,Padraig,51,69,72,67,75,,283,73.2,70.2,74.3,70.0,77.7,,73.1
544,19-Jul-1998,British Open,European,Harrington,Padraig,mc,73,76,,,,149,71.7,72.7,73.0,,,,72.8
545,12-Jul-1998,Loch Lomond,European,Harrington,Padraig,40,74,69,77,70,,290,72.8,71.9,68.4,77.7,69.9,,72.0
546,05-Jul-1998,Irish Open,European,Harrington,Padraig,mc,81,71,,,,152,73.0,79.9,69.7,,,,74.8
547,21-Jun-1998,U.S. Open,PGA,Harrington,Padraig,32,73,72,76,72,,293,71.6,69.6,69.1,73.4,69.9,,70.5
548,07-Jun-1998,English Open,European,Harrington,Padraig,25,74,69,70,70,,283,73.3,74.8,69.7,72.3,71.1,,72.0
549,31-May-1998,Deutsche Bank - SAP Open,European,Harrington,Padraig,60,69,72,72,69,,282,73.1,70.9,74.2,76.1,71.0,,73.0
550,24-May-1998,Volvo PGA Championship,European,Harrington,Padraig,11,70,69,69,70,,278,73.2,70.6,69.5,71.3,72.6,,71.0
551,17-May-1998,Benson and Hedges International Open,European,Harrington,Padraig,59,70,72,74,73,,289,73.2,71.0,72.5,75.8,74.0,,73.3
552,03-May-1998,Italian Open,European,Harrington,Padraig,43,70,69,69,,,208,73.4,72.5,72.4,72.8,,,72.6
553,26-Apr-1998,Open de Espana,European,Harrington,Padraig,mc,67,74,,,,141,73.4,70.0,76.9,,,,73.5
554,19-Apr-1998,Cannes Open,European,Harrington,Padraig,mc,78,72,,,,150,73.5,78.3,72.1,,,,75.2
555,22-Mar-1998,Bay Hill Invitational,PGA,Harrington,Padraig,50,71,73,76,75,,295,71.0,70.3,70.3,75.3,72.4,,72.1
556,08-Mar-1998,Qatar Masters,European,Harrington,Padraig,17,74,70,67,68,,279,73.2,74.3,71.5,70.5,70.5,,71.7
557,01-Mar-1998,Dubai Desert Classic,European,Harrington,Padraig,64,72,69,68,79,,288,73.0,73.1,71.2,71.6,78.1,,73.5
558,01-Feb-1998,Heineken Classic,Australasian,Harrington,Padraig,3,74,71,71,66,,282,73.5,74.1,71.1,72.0,65.2,,70.6
559,25-Jan-1998,Johnnie Walker Classic,Asian PGA,Harrington,Padraig,8,69,67,73,73,,282,73.4,68.0,66.6,73.0,72.8,,70.1
560,09-Nov-1997,Sarazen World Open,PGA,Harrington,Padraig,26,69,72,73,76,,290,72.9,67.7,70.7,72.3,76.1,,71.7
561,02-Nov-1997,Volvo Masters,European,Harrington,Padraig,2,66,70,67,,,203,71.5,67.6,71.4,65.1,,,68.0
562,26-Oct-1997,Oki Pro-am,European,Harrington,Padraig,18,72,66,69,72,,279,73.6,74.7,68.5,71.7,74.4,,72.3
563,05-Oct-1997,German Masters,European,Harrington,Padraig,27,72,70,70,71,,283,73.2,70.0,71.6,73.4,73.5,,72.1
564,07-Sep-1997,European Masters,European,Harrington,Padraig,63,68,69,75,70,,282,73.7,71.5,72.5,78.9,74.3,,74.3
565,31-Aug-1997,BMW International Open,European,Harrington,Padraig,9,66,64,71,68,,269,73.4,69.1,66.9,75.8,73.1,,71.2
566,24-Aug-1997,European Open,European,Harrington,Padraig,50,70,71,72,72,,285,73.4,71.5,72.6,74.0,74.6,,73.2
567,17-Aug-1997,PGA Championship,PGA,Harrington,Padraig,mc,77,71,,,,148,71.4,75.1,68.8,,,,71.9
568,10-Aug-1997,Chemapol Trophy Czech Open,European,Harrington,Padraig,32,69,68,70,69,,276,73.3,71.4,71.2,74.2,72.0,,72.2
569,03-Aug-1997,Scandinavian Masters,European,Harrington,Padraig,6,66,71,72,68,,277,72.9,66.8,72.4,73.5,70.0,,70.7
570,20-Jul-1997,British Open,European,Harrington,Padraig,5,75,69,69,67,,280,72.0,70.8,68.6,69.6,67.6,,69.2
571,13-Jul-1997,Loch Lomond,European,Harrington,Padraig,57,71,72,71,73,,287,72.9,72.1,72.4,72.8,74.4,,72.9
572,06-Jul-1997,Irish Open,European,Harrington,Padraig,7,71,72,71,69,,283,72.5,69.7,71.0,71.2,69.6,,70.4
573,22-Jun-1997,German Open,European,Harrington,Padraig,29,71,71,71,72,,285,73.0,71.7,71.5,71.6,71.7,,71.6
574,15-Jun-1997,U.S. Open,PGA,Harrington,Padraig,mc,75,76,,,,151,71.5,72.7,73.9,,,,73.3
575,08-Jun-1997,European Grand Prix,European,Harrington,Padraig,26,67,74,72,72,,285,73.0,67.3,73.7,73.5,72.4,,71.7
576,25-May-1997,Volvo PGA Championship,European,Harrington,Padraig,60,74,73,73,73,,293,73.1,73.8,71.1,73.3,74.0,,73.1
577,18-May-1997,English Open,European,Harrington,Padraig,mc,74,72,,,,146,72.6,74.1,73.5,,,,73.8
578,11-May-1997,Benson and Hedges International Open,European,Harrington,Padraig,4,73,67,71,71,,282,72.4,71.6,67.7,69.3,67.7,,69.1
579,04-May-1997,Italian Open,European,Harrington,Padraig,32,70,70,71,72,,283,72.9,70.0,70.0,72.7,74.1,,71.7
580,27-Apr-1997,Open de Espana,European,Harrington,Padraig,36,66,76,74,70,,286,72.3,65.5,75.8,74.0,70.4,,71.4
581,30-Mar-1997,Madeira Island Open,European,Harrington,Padraig,9,73,69,68,,,210,73.2,72.4,69.1,69.6,,,70.4
582,23-Mar-1997,Turespana Masters -  Open de Canarias,European,Harrington,Padraig,30,72,69,71,72,,284,72.8,72.4,68.4,72.7,73.4,,71.7
583,16-Mar-1997,Portuguese Open,European,Harrington,Padraig,mc,73,71,,,,144,73.1,73.7,71.9,,,,72.8
584,09-Mar-1997,Moroccan Open,European,Harrington,Padraig,38,69,75,74,69,,287,73.0,67.2,74.4,75.7,69.6,,71.7
585,02-Mar-1997,Dubai Desert Classic,European,Harrington,Padraig,28,66,72,71,74,,283,72.2,66.4,70.7,73.0,74.8,,71.2
586,23-Feb-1997,South African PGA Championship,Southern Africa,Harrington,Padraig,55,69,71,71,72,,283,73.2,71.0,73.8,73.2,73.7,,72.9
587,16-Feb-1997,Dimension Data Pro-Am,Southern Africa,Harrington,Padraig,4,70,66,68,75,,279,73.0,70.3,66.6,68.1,74.6,,69.9
588,09-Feb-1997,South African Open,Southern Africa,Harrington,Padraig,28,72,73,73,69,,287,73.3,72.2,73.1,73.4,69.9,,72.2
589,02-Feb-1997,Heineken Classic,Australasian,Harrington,Padraig,11,70,63,73,72,,278,72.3,69.1,62.9,73.8,73.2,,69.8
590,26-Jan-1997,Johnnie Walker Classic,Australasian,Harrington,Padraig,28,71,73,73,71,,288,72.2,70.5,70.4,71.6,70.7,,70.8
591,03-Nov-1996,Sarazen World Open,PGA,Harrington,Padraig,19,70,72,73,73,,288,72.8,68.9,71.4,71.7,72.4,,71.1
592,27-Oct-1996,Volvo Masters,European,Harrington,Padraig,29,69,73,77,73,,292,72.0,67.9,71.9,75.2,72.8,,71.9
593,06-Oct-1996,German Masters,European,Harrington,Padraig,11,68,67,67,68,,270,72.3,69.4,68.3,70.4,71.5,,69.9
594,29-Sep-1996,European Open,European,Harrington,Padraig,10,73,71,74,65,,283,73.0,72.3,70.1,74.6,65.0,,70.5
595,22-Sep-1996,Loch Lomond World Invitational,European,Harrington,Padraig,39,76,74,71,71,,292,72.6,72.8,71.6,71.6,71.8,,72.0
596,15-Sep-1996,Trophee Lancome,European,Harrington,Padraig,7,68,74,73,63,,278,72.5,68.3,73.0,74.5,63.5,,69.8
597,08-Sep-1996,European Masters,European,Harrington,Padraig,18,69,71,71,66,,277,73.2,70.3,72.3,73.9,69.4,,71.5
598,01-Sep-1996,British Masters,European,Harrington,Padraig,mc,72,81,,,,153,72.5,70.7,76.5,,,,73.6
599,25-Aug-1996,German Open,European,Harrington,Padraig,mc,67,71,,,,138,73.0,71.1,74.5,,,,72.8
600,18-Aug-1996,Chemapol Trophy Czech Open,European,Harrington,Padraig,mc,76,76,,,,152,73.4,76.6,77.1,,,,76.9
601,04-Aug-1996,Scandinavian Masters,European,Harrington,Padraig,18,69,77,72,70,,288,72.9,68.7,74.9,70.7,70.6,,71.2
602,28-Jul-1996,Dutch Open,European,Harrington,Padraig,mc,72,70,,,,142,72.6,72.9,71.2,,,,72.0
603,21-Jul-1996,British Open,European,Harrington,Padraig,18,68,68,73,71,,280,71.6,67.3,67.9,73.0,71.0,,69.8
604,14-Jul-1996,Scottish Open,European,Harrington,Padraig,mc,76,78,,,,154,72.4,71.6,72.7,,,,72.2
605,07-Jul-1996,Irish Open,European,Harrington,Padraig,mc,77,77,,,,154,72.6,74.6,75.6,,,,75.1
606,23-Jun-1996,BMW International Open,European,Harrington,Padraig,3,68,66,,,,134,73.9,69.2,68.4,,,,68.8
607,16-Jun-1996,Slaley Hall Northumberland Challenge,European,Harrington,Padraig,9,70,71,72,72,,285,74.0,69.4,70.7,72.8,72.9,,71.5
608,09-Jun-1996,English Open,European,Harrington,Padraig,mc,78,69,,,,147,72.8,76.8,68.6,,,,72.7
609,26-May-1996,Volvo PGA Championship,European,Harrington,Padraig,13,71,71,72,68,,282,72.7,70.2,71.5,72.7,69.3,,70.9
610,19-May-1996,Benson and Hedges International Open,European,Harrington,Padraig,mc,75,84,,,,159,72.5,72.0,81.9,,,,77.0
611,12-May-1996,Open de Espana,European,Harrington,Padraig,1,70,64,67,71,,272,72.8,70.0,64.1,67.1,71.5,,68.2
612,05-May-1996,Italian Open,European,Harrington,Padraig,10,72,71,66,71,,280,73.1,72.4,71.0,67.7,71.8,,70.7
613,28-Apr-1996,Turespana Masters,European,Harrington,Padraig,7,71,72,66,70,,279,72.9,70.5,72.3,67.5,72.0,,70.6
614,21-Apr-1996,Cannes Open,European,Harrington,Padraig,8,68,65,72,74,,279,72.7,67.5,65.0,73.5,74.7,,70.2
615,31-Mar-1996,Madeira Island Open,European,Harrington,Padraig,48,71,73,70,77,,291,73.7,70.4,72.9,71.4,77.6,,73.1
616,24-Mar-1996,Portuguese Open,European,Harrington,Padraig,45,72,69,72,72,,285,73.1,72.4,69.7,74.1,73.4,,72.4
617,10-Mar-1996,Moroccan Open,European,Harrington,Padraig,23,72,71,73,76,,292,72.9,70.5,68.9,72.1,74.7,,71.5
618,03-Mar-1996,Catalan Open,European,Harrington,Padraig,31,75,69,,,,144,73.9,75.1,68.8,,,,72.0
619,25-Feb-1996,Players' Championship,Southern Africa,Harrington,Padraig,49,72,71,73,71,,287,72.6,71.6,69.9,75.1,73.0,,72.4
